country,main_headline_he,image_headline_en,image_url,flashers_he,image_headline_ar,source_url,main_headline_en,image_headline_he,main_headline_ar,flashers_ar,source_key,source_name,flashers_en,last_fetched,id,created_date,updated_date,created_by_id,created_by,is_sample
IL,האיש למשימות מיוחדות: הלוחם שלא הסכים להישאר מאחור,"Sergeant Ben Cohen, always volunteered to be first and looked after his friends. When he fell in an encounter in Lebanon, he left behind not only a painful family, but also a team","https://images.wcdn.co.il/f_auto,q_auto,w_1200,t_54/4/0/4/0/4040406-46.jpg","[""09:36 / דיווח: איראן הוציאה להורג אדם שהוגדר כסוכן ישראלי"",""08:51 / רוסיה תקפה הלילה את אוקראינה עם יותר מ-660 כטב\""מים וטילים"",""08:05 / צעיר כבן 20 נפצע מיידוי אבנים סמוך לכפר דומא"",""07:15 / גבר בן 26 נפצע באורח בינוני באירוע אלימות בתל אביב"",""06:23 / סופ\""ש נעים: חם מהרגיל לעונה, בעיקר בהרים ובפנים הארץ | התחזית"",""05:38 / צה\""ל השמיד תשתיות טרור מזרחית לעיר עזה"",""04:37 / מפקדת סנטקום מפרסמת תיעוד אכיפה במצר הורמוז נגד ספינה איראנית"",""03:57 / חיזבאללה לקח אחריות על 5 תקיפות שונות על כוחות צה\""ל והעורף הישראלי"",""03:27 / בית המשפט דחה את טענות ההונאה של מאסק נגד OpenAI"",""02:10 / ארה\""ב לא תחדש את הפטורים לנפט איראני ורוסי"",""00:33 / הדובר האיראני טוען כי לא מתוכננות פגישות עם ארה\""ב בפקיסטן"",""23:39 / שרי החוץ של רוסיה והאמירויות: לחדש את השיחות לפתרון מהיר ויציב במזרח התיכון"",""21:58 / חיזבאללה שיגר רחפני נפץ לעבר כוחות צה\""ל בדרום לבנון - אין נפגעים"",""21:29 / דיווח: עראקצ'י הגיע לפקיסטן עבור פגישה עם מקבילו המקומי - ולא עבור סבב שיחות חדש"",""19:51 / ילד בן 7 במצב קשה בעקבות אירוע אלימות ברהט"",""18:49 / המו\""מ בין איראן לארה\""ב: וויטקוף וקושנר יוצאים לפקיסטן"",""18:14 / מתה מפצעיה בת ה-11 שנפגעה מפגיעת טיל איראני בבני ברק בערב חג הפסח"",""17:42 / שר החוץ האיראני הודיע כי יבקר בפקיסטן, עומאן ורוסיה"",""16:37 / שני פצועים חולצו מרכב שהתהפך בבני ברק"",""15:12 / הגסת': \""לאיראן יש הזדמנות היסטורית להגיע להסכם\"""",""14:50 / דיווח: שר החוץ האיראני יגיע לפקיסטן לטובת חידוש המו\""מ"",""14:39 / אחרי הירי: דובר צה\""ל בערבית בהודעת פינוי לתושבי כפר בלבנון"",""14:24 / אזעקות הופעלו בגליל המערבי בשל חדירת כטב\""ם מלבנון"",""14:05 / דוח רפואי חושף: נתניהו חלה בסרטן הערמונית ועבר הקרנות"",""13:00 / הרצח בפתח תקווה: 10 קטינים מעורבים, צו איסור פרסום הוצא"",""12:04 / הרצח בכרמל: המשטרה עצרה 3 חשודים במעורבות במעשה"",""11:36 / בג\""צ בן גביר: ראש הצוות בעבודה על טיוטת ההסכם - נציג היועמ\""שית"",""11:30 / תושב לוד נעצר לאחר שנתפסו בביתו אמצעי לחימה וסמים"",""10:30 / בתגובה לשיגור הרקטות אמש: צה\""ל תקף בדרום לבנון""]",كان الرقيب بن كوهين يتطوع دائمًا ليكون الأول ويعتني بأصدقائه. عندما سقط في مواجهة في لبنان، لم يترك وراءه عائلة مؤلمة فحسب، بل فريقا أيضا,https://www.walla.co.il/,The Man for Special Missions: The Warrior Who Would Not Be Left Behind,"סמ""ר בן כהן, תמיד התנדב להיות ראשון ושמר על חבריו. בנפילתו בהיתקלות בלבנון הותיר אחריו לא רק משפחה כואבת, אלא גם צוות",الرجل للمهمات الخاصة: المحارب الذي لن يترك وراءه,"[""09:36 / تقرير: إيران أعدمت رجلاً تم تعريفه بأنه عميل إسرائيلي"",""08:51 / روسيا هاجمت أوكرانيا الليلة بأكثر من 660 طائرة مسيرة وصاروخا"",""08:05 / إصابة شاب 20 عاما برشق حجارة قرب قرية دوما"",""07:15 / إصابة شاب (26 عاما) بجراح متوسطة في حادث عنف في تل أبيب"",""06:23 / نهاية أسبوع ممتعة: أشد حرارة من المعتاد لهذا الموسم خاصة في الجبال والداخل | التوقعات"",""05:38 / الجيش الإسرائيلي يدمر بنية تحتية للإرهاب شرق مدينة غزة"",""04:37 / مقر القيادة المركزية ينشر وثائق تنفيذية في مضيق هرمز ضد سفينة إيرانية"",""03:57 / حزب الله يتبنى 5 هجمات مختلفة على قوات الجيش الإسرائيلي والعمق الإسرائيلي"",""03:27 / رفضت المحكمة ادعاءات ماسك بالاحتيال ضد OpenAI"",""02:10 / أمريكا لن تجدد الإعفاءات للنفط الإيراني والروسي"",""00:33 / المتحدث الإيراني يزعم أنه لا توجد اجتماعات مخططة مع أمريكا في باكستان"",""23:39 / وزيرا خارجية روسيا والإمارات: استئناف المحادثات من أجل حل سريع ومستقر في الشرق الأوسط"",""21:58 / حزب الله يطلق طائرات مسيرة مفخخة باتجاه قوات الجيش الإسرائيلي في جنوب لبنان دون وقوع إصابات"",""21:29 / تقرير: أراكشي وصل باكستان للقاء نظيره المحلي – وليس لجولة جديدة من المحادثات"",""19:51 / طفل يبلغ من العمر 7 سنوات في حالة خطيرة إثر حادث عنف في بيرهات"",""18:49 / المفاوضات بين إيران والولايات المتحدة: فيتكوف وكوشنر يغادران إلى باكستان"",""18:14 / وفاة الطفلة 11 عاما متأثرة بجراحها بعد إصابتها بصاروخ إيراني في بني براك عشية عيد الفصح"",""17:42/ وزير الخارجية الإيراني يعلن أنه سيزور باكستان وعمان وروسيا"",""16:37 / إنقاذ مصابين من انقلاب مركبة في بني براك"",""15:12/ هاجسيث: إيران أمامها فرصة تاريخية للتوصل إلى اتفاق"",""14:50/ تقرير: وزير الخارجية الإيراني يصل باكستان من أجل تجديد المفاوضات"",""14:39 / بعد إطلاق النار: المتحدث باسم الجيش بالعربية يوجه إنذارا لإخلاء قرية بلبنان"",""14:24 / صافرات الإنذار في الجليل الغربي بعد إقتحام طائرة مسيرة من لبنان"",""14:05/ تقرير طبي يكشف إصابة نتنياهو بسرطان البروستاتا وخضوعه للعلاج الإشعاعي"",""13:00/ جريمة القتل في بيتح تكفا: تورط 10 قاصرين وإصدار أمر حظر النشر"",""12:04 / جريمة القتل في الكرمل: الشرطة تلقي القبض على 3 مشتبهين بالتورط في الجريمة"",""11:36 / المحكمة العليا في بن جفير: رئيس فريق العمل على مسودة الاتفاق – ممثل ديوان المظالم"",""11:30/ اعتقال أحد سكان اللد بعد ضبط أسلحة ومخدرات بمنزله"",""10:30/ ردا على إطلاق صاروخ الليلة الماضية: الجيش الإسرائيلي يهاجم جنوب لبنان""]",walla,Walla News,"[""09:36 / Report: Iran executed a man identified as an Israeli agent"",""08:51 / Russia attacked Ukraine tonight with more than 660 drones and missiles"",""08:05 / A 20-year-old man was injured by throwing stones near the village of Duma"",""07:15 / A 26-year-old man was moderately injured in a violent incident in Tel Aviv"",""06:23 / A pleasant weekend: hotter than usual for the season, especially in the mountains and inland | the forecast"",""05:38 / The IDF destroyed terrorist infrastructure east of Gaza City"",""04:37 / Centcom headquarters publishes enforcement documentation in the Strait of Hormuz against an Iranian ship"",""03:57 / Hezbollah took responsibility for 5 different attacks on IDF forces and the Israeli rear"",""03:27 / The court rejected Musk's fraud claims against OpenAI"",""02:10 / The US will not renew the exemptions for Iranian and Russian oil"",""00:33 / The Iranian spokesman claims that no meetings are planned with the US in Pakistan"",""23:39 / Foreign ministers of Russia and the Emirates: to resume talks for a quick and stable solution in the Middle East"",""21:58 / Hezbollah launched explosive drones at IDF forces in southern Lebanon - no casualties"",""21:29 / Report: Arakchi arrived in Pakistan for a meeting with his local counterpart - and not for a new round of talks"",""19:51 / A 7-year-old boy is in serious condition following a violent incident in Berhat"",""18:49 / The negotiations between Iran and the USA: Witkoff and Kushner leave for Pakistan"",""18:14 / The 11-year-old died of her wounds after being hit by an Iranian missile in Bnei Brak on the eve of Passover"",""17:42 / The Iranian Foreign Minister announced that he will visit Pakistan, Oman and Russia"",""16:37 / Two injured people were rescued from an overturned vehicle in Bnei Brak"",""15:12 / Hagseth: \""Iran has a historic opportunity to reach an agreement\"""",""14:50 / Report: The Iranian Foreign Minister will arrive in Pakistan in order to renew the negotiations"",""14:39 / After the shooting: IDF spokesman in Arabic in an evacuation notice to the residents of a village in Lebanon"",""14:24 / Alarms were activated in the Western Galilee due to the intrusion of a UAV from Lebanon"",""14:05 / Medical report reveals: Netanyahu has prostate cancer and underwent radiation therapy"",""13:00 / The murder in Petah Tikva: 10 minors involved, a gag order issued"",""12:04 / The murder in Carmel: the police arrested 3 suspects of involvement in the act"",""11:36 / Ben Gvir High Court: the head of the team working on the draft agreement - the representative of the ombudsman"",""11:30 / A resident of Lod was arrested after weapons and drugs were seized at his home"",""10:30 / In response to last night's rocket launch: the IDF attacked in southern Lebanon""]",2026-04-25T06:50:41.076Z,69c512617b561f1ee95fec43,2026-03-26T11:02:57.317000,2026-04-25T06:50:41.076Z,69c06dc99c3317f6270e2f98,ronen.mashiach@gmail.com,false
IL,"נזקי השיגורים: רכב התהפך באיילון, שבר יירוט במלון במרכז",Iran tried to complete a dramatic move in the war - Israel thwarted it,,"[""פיץ' הותירה את דירוג האשראי של ישראל ללא שינוי"",""שדדו סיגריות בעשרות אלפי שקלים: תיעוד השוד בחולון"",""מקורות באיראן לרויטרס: כוחם של התומכים בנשק גרעיני מתחזק"",""מסתמן: יוארכו זמני ההתגוננות ביישובי גבול הצפון"",""15 חולצו במאמצי החילוץ בשיטפון בנחל הערבה""]",إيران حاولت إتمام خطوة دراماتيكية في الحرب - إسرائيل أحبطتها,https://www.israelhayom.co.il,"Launch damage: A vehicle overturned on Ayalon, an interception fragment in a hotel in the center",איראן ניסתה להשלים מהלך דרמטי במלחמה - ישראל סיכלה אותו,أضرار القذائف: انقلاب سيارة في أيالون، وشظايا اعتراض في فندق بالمركز,"[""وكالة فيتش تبقي التصنيف الائتماني لإسرائيل دون تغيير"",""سرقة سجائر بعشرات آلاف الشواكل: توثيق عملية السطو في حولون"",""مصادر في إيران لרויטרס: قوة مؤيدي السلاح النووي تتزايد"",""من المتوقع: تمديد أوقات الدفاع في بلدات الحدود الشمالية"",""إنقاذ 15 شخصاً في جهود الإنقاذ من الفيضانات في وادي العربة""]",israelhayom,Israel Hayom,"[""Fitch leaves Israel's credit rating unchanged"",""Cigarettes worth tens of thousands of shekels stolen: documentation of the robbery in Holon"",""Sources in Iran to Reuters: Power of nuclear weapon supporters is strengthening"",""Likely: Defense times in northern border settlements will be extended"",""15 rescued in flood rescue efforts in Nahal Arava""]",2026-03-27T14:54:18.434Z,69c5124935d24758af8fc0e2,2026-03-26T11:02:33.218000,2026-03-27T14:54:18.986000,69c06dc99c3317f6270e2f98,ronen.mashiach@gmail.com,false
IL,"ד""ר מנחם לזר על סקר ""מעריב"": ""עוד מלחמה לא תשפר את מצב הליכוד""","Dr. Menachem Lazar says about the ""Maariv"" poll that another war will not improve the Likud's situation, and adds that the party is trying to preserve its political base - and the question about Smotrich. In the opposition, Bennett leads - and the question of whether they will coalesce around him","https://images.maariv.co.il/image/upload/f_auto,fl_lossy/c_fill,g_faces:center,w_750,h_429/1089150","[""אירוע הרצח ברכס הכרמל: המשטרה עצרה שלושה חשודים"",""המזרחן הבכיר מסביר: \""הפלג הקיצוני באיראן חושש שיתחילו תהליכים נגדו במדינה\"""",""הבניין קרס, המדינה התנערה: הבר האהוב בתל אביב הפך לערימת בטון"",""חשד לרצח: צעיר בן 19 נדקר למוות בבאר שבע, הרקע פלילי"",""צ'ייני מרום: \""זה לא מצור - זה סגר, וזה לא על הורמוז - זה על איראן\"""",""באופוזיציה לא הבינו - טראמפ ונתניהו לא יוותרו עד שכל מבוקשם יתמלא"",""איראן חלשה ומתנדנדת, נראה שסיכוי לא רע שגם המשטר ייפול"",""צה\""ל תקף מבנים צבאיים של חיזבאללה בדרום לבנון"",""הארי סטיילס וזואי קרביץ מאורסים: \""מאוהב עד מעל לראש\"""",""הים, התשתיות ואפילו המנהיגים: ארה\""ב מתכננת לפגוע בכל הנכסים של איראן"",""חברת הכנסת מהאופוזיציה מזהירה: \""יום אחד המשטרה תהיה נאמנה לבן גביר, ולא לנתניהו\"""",""סטארט-אפ יהודי: ישראל חייבת לאפשר מימון לימודי גמרא - גם ללא ליבה"",""רעידת אדמה בעוצמה 5.8 התרחשה בכרתים"",""שגריר ישראל בארה\""ב על המו\""מ עם לבנון: \""החזון יכול להפוך שוב למציאות\"""",""ארה\""ב כבלה את ידיה של ישראל בלבנון - ומחכים שטראמפ יחליט מה הוא רוצה | אבי אשכנזי"",""כבר שנה זה לא קרה - השיוויון המפתיע שצריך להדאיג את נתניהו | סקר מעריב"",""הגשם חוזר בקרוב - אבל בינתיים יש זמן ליהנות מהטמפרטורות | תחזית מזג האוויר"",""שני גברים נהרגו בתאונה ביהודה ושומרון, 7 פלסטינים נפצעו קל"",""חשד לרצח: מד\""א קבעו את מותו של גבר בן 58 בדליית אל כרמל"",""צה\""ל: הותקפו המשגר ששיגר לשתולה - ומשגר טעון נוסף | תיעוד"",""טראמפ: \""סיכוי גדול לשלום בין ישראל ללבנון השנה\"""",""טראמפ: הפסקת האש בין ישראל ללבנון תוארך ב-3 שבועות"",""צה\""ל: התקיפות בלבנון - של שני משגרים טעונים"",""פחות מפער של עשור - עדי הימלבלוי בזוגיות חדשה: \""יש לו כסף\"""",""הפעם הוא גדול ממנה - עדי הימלבלוי בזוגיות חדשה עם איש עסקים: \""זה זה\"""",""מועצה אזורית הגליל העליון: \""בשעה זו, צה\""ל תוקף מטרות בלבנון\"""",""דיווח ערבי: צה\""ל תוקף בלבנון"",""השיחות בין ישראל ללבנון החלו"",""חיזבאללה לקח אחריות על הירי: \""בתגובה על התקיפה בכפר יאטר\"""",""בצה\""ל מאשרים: מספר שיגורים בוצעו לישראל - ויורטו; ללא נפגעים""]","يقول الدكتور مناحيم لازار عن استطلاع ""معاريف"" إن حربا أخرى لن تحسن وضع الليكود، ويضيف أن الحزب يحاول الحفاظ على قاعدته السياسية - والسؤال عن سموتريتش. في المعارضة، يقود بينيت – والسؤال عما إذا كانوا سيجتمعون حوله",https://www.maariv.co.il/,"Dr. Menachem Lazar on the ""Maariv"" survey: ""Another war will not improve the situation of the Likud""","ד""ר מנחם לזר אומר על סקר ""מעריב"" כי עוד מלחמה לא תשפר את מצב הליכוד, ומוסיף כי המפלגה נמצאת בניסיון לשמר את הבייס הפוליטי - ובשאלה לגבי סמוטריץ'. באופוזיציה, בנט מוביל - והשאלה אם יתלכדו סביבו","الدكتور مناحيم لازار في استطلاع ""معاريف"": ""حرب أخرى لن تحسن وضع الليكود""","[""حادثة القتل في منطقة الكرمل: الشرطة تلقي القبض على ثلاثة مشتبه بهم"",""المستشرق الكبير يوضح: \""الفصيل المتطرف في إيران يخشى أن تبدأ العمليات ضده في البلاد\"""",""انهار المبنى، ونفضت الدولة نفسها: وتحولت الحانة المحبوبة في تل أبيب إلى كومة من الخرسانة"",""جريمة قتل مشتبه بها: مقتل شاب (19 عاما) طعنا في بئر السبع، والخلفية جنائية"",""تشيني ماروم: \""الأمر ليس حصارًا - إنه إغلاق، ولا يتعلق الأمر بمضيق هرمز - إنه يتعلق بإيران\"""",""المعارضة لم تفهم – ترامب ونتنياهو لن يستسلما حتى يتم تحقيق كل ما يريدانه"",""إيران ضعيفة ومتذبذبة، ويبدو أن هناك فرصة كبيرة لسقوط النظام أيضاً"",""هاجم الجيش الإسرائيلي مباني عسكرية تابعة لحزب الله في جنوب لبنان"",""هاري ستايلز وزوي كرافيتز مخطوبان: \""في الحب العميق\"""",""البحر والبنية التحتية وحتى القادة: تخطط الولايات المتحدة لتدمير جميع الأصول الإيرانية"",""عضو الكنيست من المعارضة يحذر: \""في يوم من الأيام ستكون الشرطة موالية لبن جابر وليس لنتنياهو\"""",""شركة ناشئة يهودية: يجب على إسرائيل أن تسمح بتمويل دراسات الجمارا - حتى بدون التمويل الأساسي"",""وقع زلزال بقوة 5.8 درجة في جزيرة كريت"",""سفير إسرائيل لدى الولايات المتحدة حول المفاوضات مع لبنان: \""الرؤية يمكن أن تصبح حقيقة مرة أخرى\"""",""الولايات المتحدة قيدت أيدي إسرائيل في لبنان - وتنتظر أن يقرر ترامب ماذا يريد | آفي اشكنازي"",""لم يحدث هذا منذ عام. المساواة المفاجئة التي يجب أن تقلق نتنياهو في استطلاع معاريف"",""سيعود المطر قريبًا - ولكن في هذه الأثناء هناك وقت للاستمتاع بدرجات الحرارة المتوقعة"",""قُتل رجلان في حادث سير في منطقة الضفة الغربية، وأصيب 7 فلسطينيين بجروح طفيفة"",""شبهة القتل: نجمة داود الحمراء تحدد وفاة رجل 58 عاما في دالية الكرمل"",""الجيش الإسرائيلي: تم الهجوم على قاذفة الصواريخ التي انطلقت باتجاه شتولا - وقاذفة أخرى محملة | التوثيق"",""ترامب: \""فرصة كبيرة للسلام بين إسرائيل ولبنان هذا العام\"""",""ترامب: سيتم تمديد وقف إطلاق النار بين إسرائيل ولبنان 3 أسابيع"",""الجيش الإسرائيلي: الهجمات في لبنان بقاذفتين محملتين"",""أقل من فجوة عقد من الزمن - عدي هيميلبلوي في علاقة جديدة: \""لديه المال\"""",""هذه المرة هو أكبر منها - عدي هيميلبلوي في علاقة جديدة مع رجل أعمال: \""هذه هي\"""",""المجلس الإقليمي للجليل الأعلى: \""في هذا الوقت، يهاجم الجيش الإسرائيلي أهدافًا في لبنان\"""",""تقرير عربي: هجمات الجيش الإسرائيلي في لبنان"",""بدأت المحادثات بين إسرائيل ولبنان"",""حزب الله يعلن مسؤوليته عن إطلاق النار: \""رداً على هجوم كفر ياطر\"""",""يؤكد الجيش الإسرائيلي: تم إطلاق عدة عمليات إطلاق باتجاه إسرائيل وتم اعتراضها؛ لا ضحايا""]",maariv,Maariv,"[""The murder incident in the Carmel Ridge: the police arrested three suspects"",""The senior Orientalist explains: \""The extremist faction in Iran fears that processes will begin against it in the country\"""",""The building collapsed, the state shook itself off: the beloved bar in Tel Aviv turned into a pile of concrete"",""Suspected murder: a 19-year-old man was stabbed to death in Beer Sheva, the background is criminal"",""Cheney Marom: \""It's not a siege - it's a closure, and it's not about Hormuz - it's about Iran\"""",""The opposition did not understand - Trump and Netanyahu will not give up until everything they want is fulfilled"",""Iran is weak and wavering, it seems that there is a good chance that the regime will also fall"",""The IDF attacked Hezbollah military buildings in southern Lebanon"",""Harry Styles and Zoe Kravitz are engaged: \""Deep in love\"""",""The sea, the infrastructure and even the leaders: the US plans to damage all of Iran's assets"",""The Knesset member from the opposition warns: \""One day the police will be loyal to Ben Gabir, and not to Netanyahu\"""",""Jewish startup: Israel must allow financing of Gemara studies - even without a core"",""A magnitude 5.8 earthquake occurred in Crete"",""Israel's ambassador to the US on the negotiations with Lebanon: \""The vision can become a reality again\"""",""The US has tied Israel's hands in Lebanon - and is waiting for Trump to decide what he wants | Avi Ashkenazi"",""It hasn't happened for a year - the surprising equality that should worry Netanyahu Ma'ariv survey"",""The rain will return soon - but in the meantime there is time to enjoy the temperatures Weather forecast"",""Two men were killed in an accident in Judea and Samaria, 7 Palestinians were slightly injured"",""Suspicion of murder: MDA determined the death of a 58-year-old man in Dalit El Carmel"",""IDF: The launcher that launched to Shtula was attacked - and another loaded launcher | Documentation"",""Trump: \""Great chance for peace between Israel and Lebanon this year\"""",""Trump: The ceasefire between Israel and Lebanon will be extended by 3 weeks"",""IDF: The attacks in Lebanon - of two loaded launchers"",""Less than a gap of a decade - Adi Himmelbloi in a new relationship: \""He has money\"""",""This time he is bigger than her - Adi Himmelbloi in a new relationship with a businessman: \""This is it\"""",""Upper Galilee Regional Council: \""At this time, the IDF is attacking targets in Lebanon\"""",""Arab report: The IDF attacks in Lebanon"",""Talks between Israel and Lebanon have begun"",""Hezbollah took responsibility for the shooting: \""in response to the attack in Kfar Yatar\"""",""The IDF confirms: several launches were launched into Israel - and were intercepted; no casualties""]",2026-04-24T09:54:23.635Z,69c51235f7d36a952ae198b3,2026-03-26T11:02:13.505000,2026-04-24T09:54:23.635Z,69c06dc99c3317f6270e2f98,ronen.mashiach@gmail.com,false
US,הסנאט פועל למימון מרבית המחלקה לביטחון המולדת במושב לילה נדיר,Choi Ga-on’s incredible journey from fractured back to Olympic gold,,"[""טראמפ אומר כי ארה\""ב תעכב את התקיפות על אתרי אנרגיה איראניים ב-10 ימים נוספים"",""בית המשפט העליון ידון בעתיד של אזרחות מכוח לידה"",""סוואנה גאת'רי מדברת לאחר היעלמותה של אמה"",""מושל קליפורניה חתם על הצעת חוק לשינוי שמו של יום סזאר צ'אבס ליום העובדים החקלאיים"",""המסחר בנפט זינק דקות לפני הפוסט של טראמפ על שיחות \""פרודוקטיביות\""""]",رحلة تشوي غا أون المذهلة من كسر في الظهر إلى الذهب الأولمبي,https://edition.cnn.com,Senate moves to fund most of DHS in rare overnight session,המסע המדהים של צ'וי גא-און מגב שבור לזהב אולימפי,مجلس الشيوخ يتحرك لتمويل معظم وزارة الأمن الداخلي في جلسة ليلية نادرة,"[""ترامب يقول إن الولايات المتحدة ستؤجل الضربات على مواقع الطاقة الإيرانية لمدة 10 أيام أخرى"",""المحكمة العليا تنظر في مستقبل المواطنة بالولادة"",""سافانا غوثري تتحدث بعد اختفاء والدتها"",""حاكم كاليفورنيا يوقع مشروع قانون لتغيير اسم يوم سيزار تشافيز إلى يوم عمال المزارع"",""قفزت تجارة النفط قبل دقائق من منشور ترامب حول المحادثات \""المثمرة\""""]",cnn,CNN,"[""Trump says US will delay strikes on Iranian energy sites for another 10 days"",""Supreme Court to consider the future of birthright citizenship"",""Savannah Guthrie speaks out after mother's disappearance"",""California Governor signs bill renaming César Chavez Day as Farmworkers Day"",""Oil trading surged minutes before Trump's 'productive' talks post""]",2026-03-27T14:52:47.029Z,69c07845fd3b982f3fee54e4,2026-03-22T23:16:21.598000,2026-03-27T14:52:47.550000,69c06dc99c3317f6270e2f98,ronen.mashiach@gmail.com,false
PS,צעיר פלסטיני נהרג מירי כוחות הכיבוש במחנה הפליטים קלנדיה,Church leaders in Jerusalem call for an immediate end to bloodshed in their Easter message,https://www.wafa.ps/ar_page/get_file_url/f9d6a36f-8086-4444-934c-6f81e6b074e4.jpg,"[""כוחות הכיבוש מונעים את התפילה במסגד אל-אקצא זה יום השישי הרביעי ברציפות"",""מתנחלים פצעו קשישה ואת בניה וגנבו 30 ראשי צאן ממזרח לשכם"",""פציעת שני ילדים מירי כוחות הכיבוש ממזרח למחנה אל-מר'אזי במרכז עזה"",""תקיפות אוויריות וארטילריות ישראליות מכוונות נגד אזרחים בדרום לבנון"",""המשטרה מטפלת ב-39 רסיסי טילים במספר מחוזות בגדה המערבית""]",رؤساء الكنائس في القدس يدعون في رسالة عيد الفصح إلى الوقف الفوري لسفك الدماء,https://www.wafa.ps,A young Palestinian man was killed by Israeli occupation forces' fire in the Qalandia refugee camp,ראשי הכנסיות בירושלים קוראים במסר לחג הפסחא להפסקה מיידית של שפיכות הדמים,استشهاد شاب برصاص الاحتلال في مخيم قلنديا,"[""الاحتلال يمنع الصلاة في المسجد الأقصى للجمعة الرابعة على التوالي"",""مستعمرون يصيبون مسنة وأولادها ويسرقون 30 رأسا من الأغنام شرق نابلس"",""إصابة طفلين برصاص الاحتلال شرق مخيم المغازي وسط غزة"",""قصف جوي ومدفعي إسرائيلي يستهدف مدنيين في جنوب لبنان"",""الشرطة تتعامل مع 39 شظية لصاروخ في عدة محافظات بالضفة الغربية""]",wafa,WAFA,"[""Israeli occupation forces prevent Friday prayers at Al-Aqsa Mosque for the fourth consecutive week"",""Settlers injure an elderly woman and her sons and steal 30 heads of sheep east of Nablus"",""Two children injured by Israeli occupation gunfire east of Al-Maghazi camp in central Gaza"",""Israeli air and artillery strikes target civilians in southern Lebanon"",""Police handle 39 rocket fragments across several governorates in the West Bank""]",2026-03-27T14:52:34.298Z,69c07842fca4e3ec721db3da,2026-03-22T23:16:18.959000,2026-03-27T14:52:34.743000,69c06dc99c3317f6270e2f98,ronen.mashiach@gmail.com,false
GB,טראמפ מאריך את המועד האחרון לאיראן לפתיחה מחדש של נתיב הנפט,Israel says it has killed Iran's Navy chief overseeing Strait of Hormuz blockade,,"[""טים דייבי יעמוד בראש המועצה לתעשיות יצירתיות לאחר עזיבת ה-BBC"",""שרי החוץ של ה-G7 נפגשים בפריז לדיון במשבר במזרח התיכון"",""מטא וגוגל יערערו על פסיקה בנוגע לפלטפורמות ממכרות"",""הפנטגון מכחיש דיווחים על כוונה לשלוח 10,000 חיילים למזרח התיכון"",""ניקולס מדורו מוונצואלה צפוי להופיע בבית משפט בניו יורק""]",إسرائيل تقول إنها قتلت قائد البحرية الإيرانية المشرف على حصار مضيق هرمز,https://www.bbc.com,Trump extends deadline for Iran to reopen oil route,ישראל טוענת כי חיסלה את מפקד חיל הים של איראן המפקח על המצור במצר הורמוז,ترامب يمدد الموعد النهائي لإيران لإعادة فتح طريق النفط,"[""تيم ديفي يترأس مجلس الصناعات الإبداعية بعد مغادرته بي بي سي"",""وزراء خارجية مجموعة السبع يجتمعون في باريس لمناقشة أزمة الشرق الأوسط"",""ميتا وجوجل تستأنفان قراراً بشأن المنصات المسببة للإدمان"",""البنتاغون ينفي تقارير عن إرسال 10,000 جندي إلى الشرق الأوسط"",""نيكولاس مادورو الفنزويلي يمثل أمام محكمة في نيويورك""]",bbc,BBC,"[""Tim Davie to lead Creative Industries Council after BBC exit"",""G7 ministers meet in Paris on Middle East crisis"",""Meta and Google to appeal ruling on addictive platforms"",""Pentagon denies report on sending 10,000 troops to Middle East"",""Venezuela's Nicolas Maduro to appear in New York court""]",2026-03-27T14:52:52.060Z,69c078322b7170d926cfd936,2026-03-22T23:16:02.377000,2026-03-27T14:52:52.544000,69c06dc99c3317f6270e2f98,ronen.mashiach@gmail.com,false
LB,"שיחות הפסקת אש בין ארה""ב לאיראן? דיווחים סותרים בעוד טהראן מכחישה קיום משא ומתן",Israeli Strikes Hit Beirut Suburbs as Fighting With Hezbollah Intensifies,,"[""סמיר ג'עג'ע קורא לאיראן לפצות את לבנון על הפסדי המלחמה"",""בתוך ההצעה האיראנית בת 15 הנקודות המעוררת מתיחות בין ארה\""ב לישראל"",""\""זה לא הסוף\"": נתניהו מאותת על תקיפות נוספות למרות השיחות"",""פריצת הדרך הלוויינית של סין: מהירה יותר מסטארלינק ממרחק של 36,000 ק\""מ"",""איראן מאיימת לסגור את מצר הורמוז בעוד ארה\""ב מציבה אולטימטום""]",غارات إسرائيلية تستهدف ضواحي بيروت مع تكثيف القتال مع حزب الله,https://www.dailystar.com.lb,US-Iran Ceasefire Talks? Reports Clash as Tehran Denies Negotiations,תקיפות ישראליות פגעו בפרברי ביירות ככל שהלחימה עם חיזבאללה מתעצמת,محادثات وقف إطلاق النار بين الولايات المتحدة وإيران؟ تقارير متضاربة بينما تنفي طهران المفاوضات,"[""سمير جعجع يدعو إيران لتعويض لبنان عن خسائر الحرب"",""داخل المقترح الإيراني المكون من 15 نقطة الذي يثير التوتر بين واشنطن وتل أبيب"",""\""هذه ليست النهاية\"": نتنياهو يلوح بمزيد من الضربات رغم المحادثات"",""إنجاز صيني في مجال الأقمار الصناعية: أسرع من \""ستارلينك\"" من مسافة 36,000 كم"",""إيران تهدد بإغلاق مضيق هرمز مع إصدار الولايات المتحدة إنذاراً نهائياً""]",daily_star,Daily Star,"[""Samir Geagea Calls on Iran to Compensate Lebanon for War Losses"",""Inside the 15-Point Iran Proposal Causing Tension Between US and Israel"",""“This Is Not the End”: Netanyahu Signals More Strikes Despite Talks"",""China's Satellite Breakthrough: Faster Than Starlink from 36,000 km Away"",""Iran Threatens to Close Strait of Hormuz as US Issues Ultimatum""]",2026-03-27T14:53:22.145Z,69c07817f197dce9819b4fff,2026-03-22T23:15:35.790000,2026-03-27T14:53:22.638000,69c06dc99c3317f6270e2f98,ronen.mashiach@gmail.com,false
MA,קוסטה ריקה תומכת בתוכנית האוטונומיה של מרוקו כפתרון ה'בר-ביצוע ביותר' לסהרה,Moroccan Authorities Seize 20kg of Cocaine at Guerguerat Border Crossing,,"[""מרוקו נגד אקוודור: איך ומתי לצפות במשחק הידידות הבינלאומי"",""נשיאת HACA מבקרת בניז'ר כדי לחזק את שיתוף הפעולה התקשורתי הבילטרלי"",""משטרת קזבלנקה עצרה חמישה בגין תקיפות באבנים וחשד לניסיון הצתה"",""מרוקו נערכת לסופות עזות, ברד ושלג בסוף השבוע הזה"",""בלעדי: מחלקת המדינה של ארה\""ב מציינת אמצעי אבטחה בעוד מאות זוכים מרוקאים ב-DV-2026 ממתינים לראיונות""]",السلطات المغربية تضبط 20 كيلوغراما من الكوكايين بمعبر الكركرات,https://www.moroccoworldnews.com,Costa Rica Backs Morocco's Autonomy Plan as 'Most Feasible' Sahara Solution,"רשויות מרוקו תפסו 20 ק""ג קוקאין במעבר הגבול גרגרט",كوستاريكا تدعم مبادرة الحكم الذاتي المغربية كأكثر الحلول 'واقعية' للصحراء,"[""المغرب ضد الإكوادور: كيف ومتى تشاهد المباراة الودية الدولية"",""رئيسة الهاكا تزور النيجر لتعزيز التعاون الإعلامي الثنائي"",""شرطة الدار البيضاء توقف خمسة أشخاص بسبب هجمات بالحجارة وشبهة محاولة إحراق عمدي"",""المغرب يستعد لعواصف قوية وبرد وثلوج نهاية هذا الأسبوع"",""حصري: الخارجية الأمريكية تتذرع بإجراءات أمنية بينما ينتظر مئات المغاربة الفائزين بقرعة DV-2026 إجراء المقابلات""]",morocco_world,Morocco World News,"[""Morocco vs. Ecuador: How & When to Watch International Friendly"",""HACA President Visits Niger to Boost Bilateral Media Cooperation"",""Casablanca Police Arrest Five Over Stone Attacks, Suspected Arson Attempt"",""Morocco Braces for Heavy Storms, Hail and Snow This Weekend"",""Exclusive: US State Department Cites Security Measures as Hundreds of Moroccan DV-2026 Winners Await Interviews""]",2026-03-27T14:53:58.081Z,69c0780ff873df1d5fd60af9,2026-03-22T23:15:27.872000,2026-03-27T14:53:58.842000,69c06dc99c3317f6270e2f98,ronen.mashiach@gmail.com,false
SY,בהשתתפות סוריה.. החלו עבודות פסגת 'התקשורת האסטרטגית הבינלאומית לנת 2026' בטורקיה,Minister Al-Shibani discusses enhancing relations and regional developments with the Ambassador of the Kingdom of Norway,https://sana.sy/wp-content/uploads/2026/03/photo_2_2026-03-26_22-41-10.jpg,"[""הכרזה על הוועדה הפאראלימפית הלאומית הסורית כגוף עצמאי"",""איטליה העפילה לגמר הפלייאוף האירופי למונדיאל 2026"",""כוחות הכיבוש הישראליים עוצרים שני אזרחים באזור הכפרי הדרומי של קוניטרה"",""שכונות בקאבון שבדמשק נוקו משרידי מלחמה"",""משרד הבריאות משיק קמפיין לחיזוק החיסון השגרתי נגד שיתוק ילדים בארבעה מחוזות""]",الوزير الشيباني يبحث مع سفيرة مملكة النرويج تعزيز العلاقات والمستجدات الإقليمية,https://sana.sy,With Syria's participation.. the International Strategic Communication Summit 2026 begins in Turkey,השר א-שיבאני דן עם שגרירת ממלכת נורבגיה בחיזוק היחסים ובהתפתחויות האזוריות,بمشاركة سوريا.. بدء أعمال قمة 'الاتصال الاستراتيجي الدولية لعام 2026' في تركيا,"[""إشهار اللجنة البارالمبية الوطنية السورية كهيئة مستقلة"",""إيطاليا تبلغ نهائي المسار الأوروبي المؤهل لكأس العالم 2026"",""قوات الاحتلال الإسرائيلي تعتقل مواطنين اثنين في ريف القنيطرة الجنوبي"",""تحرير أحياء في القابون بدمشق بعد تطهيرها من مخلفات الحرب"",""وزارة الصحة تطلق حملة لتعزيز التلقيح الروتيني ضد شلل الأطفال في أربع محافظات""]",sana,SANA,"[""Declaration of the Syrian National Paralympic Committee as an independent body"",""Italy reaches the final of the European playoff for the 2026 World Cup"",""Israeli occupation forces arrest two citizens in the southern Quneitra countryside"",""Neighborhoods in Qaboun, Damascus, cleared of war remnants"",""Health Ministry launches a campaign to boost routine polio vaccination in four governorates""]",2026-03-27T14:53:11.034Z,69c0780f388b15d3509b0019,2026-03-22T23:15:27.259000,2026-03-27T14:53:12.012000,69c06dc99c3317f6270e2f98,ronen.mashiach@gmail.com,false
BH,הוד מלכותו המלך בראש מקבלי הפנים של נשיא הרפובליקה הערבית של מצרים עם הגעתו למדינה,Bahrain Defence Force: Air defense systems continue to successfully counter Iranian aggression,,"[""כוח ההגנה: יירוט 145 טילים בליסטיים ו-246 כטב\""מים מאז תחילת התוקפנות"",""בריטניה מאשרת מחדש את תמיכתה בביטחון ובביציבות של ממלכת בחריין"",""הנשיא זלנסקי: אוקראינה עומדת בסולידריות מלאה עם בחריין"",""משרד החוץ: פגיעה באזורים אזרחיים היא הפרה בוטה של המשפט הבינלאומי"",""ענייני התעופה האזרחית: שינויים זמניים בטיסות בנמל התעופה הבינלאומי של בחריין""]",قوة دفاع البحرين: منظومات الدفاع الجوي تواصل التصدي بنجاح لعمليات العدوان الإيراني,https://www.bna.bh,HM the King leads well-wishers in welcoming the President of the Arab Republic of Egypt upon arrival in the country,כוח ההגנה של בחריין: מערכות ההגנה האווירית ממשיכות להדוף בהצלחה את התוקפנות האיראנית,جلالة الملك المعظم في مقدمة مستقبلي فخامة رئيس جمهورية مصر العربية لدى وصوله إلى البلاد,"[""قوة دفاع البحرين: اعتراض 145 صاروخاً باليستياً و246 طائرة مسيرة منذ بدء العدوان"",""المملكة المتحدة تؤكد دعمها لأمن واستقرار مملكة البحرين"",""الرئيس زيلينسكي: أوكرانيا تقف بتضامن كامل مع البحرين"",""وزارة الخارجية: استهداف المناطق المدنية انتهاك صارخ للقانون الدولي"",""شئون الطيران المدني: تغييرات مؤقتة في الرحلات بمطار البحرين الدولي""]",bna,BNA,"[""BDF: 145 ballistic missiles and 246 drones intercepted since the start of aggression"",""UK reaffirms support for Bahrain's security and stability"",""President Zelenskyy: Ukraine stands in full solidarity with Bahrain"",""Foreign Ministry: Targeting civilian areas is a flagrant violation of international law"",""Civil Aviation Affairs: Temporary changes to flights at Bahrain International Airport""]",2026-03-27T14:51:22.924Z,69c077e5aecd96f85f4b4808,2026-03-22T23:14:45.874000,2026-03-27T14:51:23.419000,69c06dc99c3317f6270e2f98,ronen.mashiach@gmail.com,false
AE,"בלעדי: המלחמה במסלול אך המצר הוא משימה גדולה, אומר מפקד סנטקום לשעבר",Powerful storm sweeps across the UAE - in pictures,,"[""מבצע ניקיון נרחב מתחיל לאחר שהסערה גרמה להצפות נרחבות"",""תושב שארג'ה טוב לב מצא 200 לוחיות רישוי שאבדו בשיטפונות"",""אילו טיסות מושעות או מתעכבות בנמלי התעופה של דובאי ואבו דאבי?"",""המארגנים 'בטוחים' שגביע העולם של דובאי יתקיים למרות מזג האוויר הקשה"",""טראמפ נותן לאיראן 10 ימים נוספים למשא ומתן לפני הפצצת תחנות כוח""]",عاصفة قوية تجتاح الإمارات - بالصور,https://www.thenationalnews.com,"Exclusive: War on track but strait is a major task, says former Centcom commander",סופה עזה שוטפת את איחוד האמירויות - בתמונות,حصري: الحرب على المسار الصحيح لكن المضيق مهمة كبيرة، كما يقول قائد سنتكوم السابق,"[""بدء عملية تنظيف كبرى بعد أن تسببت العاصفة في فيضانات واسعة النطاق"",""مقيم في الشارقة يستعيد 200 لوحة أرقام فُقدت في الفيضانات"",""ما هي الرحلات الجوية المعلقة أو المتأخرة في مطاري دبي وأبو ظبي؟"",""المنظمون 'واثقون' من إقامة كأس دبي العالمي رغم الأحوال الجوية القاسية"",""ترامب يمنح إيران 10 أيام إضافية للتفاوض قبل قصف محطات الطاقة""]",national,The National,"[""Major clean-up operation begins after storm causes widespread flooding"",""Kind-hearted Sharjah resident recovers 200 number plates lost in floods"",""Which flights are suspended or delayed at Dubai and Abu Dhabi airports?"",""Organisers 'confident' Dubai World Cup will go ahead despite severe weather"",""Trump gives Iran another 10 days to negotiate before bombing energy plants""]",2026-03-27T14:51:25.543Z,69c077c1a88ce0155de1c7be,2026-03-22T23:14:09.284000,2026-03-27T14:51:26.098000,69c06dc99c3317f6270e2f98,ronen.mashiach@gmail.com,false
AE,"איחוד האמירויות סיכל היום 6 טילים בליסטיים ו-9 כטב""מים מאיראן","Heavy rain hits Sharjah, roads waterlogged",,"[""האו\""ם דורש \""צדק\"" לאחר התקיפה על בית הספר באיראן"",""הפיליפינים: אספקת הנפט הגולמי תימשך עד 30 ביוני"",""נפתח מחלף חדש לנמל התעופה במנילה"",""לוקשנקו העניק רובה במתנה לקים ג'ונג און מצפון קוריאה"",""גולף אייר מאריכה את הטיסות לדמאם עד אפריל 2026""]",أمطار غزيرة تضرب الشارقة، والطرق غارقة במياه,https://gulfnews.com,"UAE foils 6 ballistic missiles, 9 UAVs from Iran today","גשמים עזים פוקדים את שארג'ה, הכבישים הוצפו",الإمارات تحبط 6 صواريخ باليستية و9 طائرات مسيرة من إيران اليوم,"[""الأمم المتحدة تطالب بـ\""العدالة\"" بعد الضربة على مدرسة في إيران"",""الفلبين: إمدادات النفط الخام ستكفي حتى 30 يونيو"",""افتتاح مخرج جديد لمطار مانيلا"",""لوكاشينكو يهدي بندقية لكيم جونغ أون زعيم كوريا الشمالية"",""طيران الخليج يمدد رحلات الدمام حتى أبريل 2026""]",gulf_news,Gulf News,"[""UN demands 'justice' after Iran school strike"",""Philippines: Crude oil supply to last till June 30"",""New Manila airport off-ramp opens"",""Lukashenko gifts rifle to North Korea's Kim Jong Un"",""Gulf Air extends Dammam flights to April 2026""]",2026-03-27T14:52:05.870Z,69c077bfa3efeef4634fdb27,2026-03-22T23:14:07.510000,2026-03-27T14:52:06.464000,69c06dc99c3317f6270e2f98,ronen.mashiach@gmail.com,false
EG,מצרים דנה בתרחישי רגיעה באזור כדי לבלום את ההסלמה הצבאית,Egypt dispatches its 112th humanitarian aid convoy to the Gaza Strip,,"[""שר החוץ המצרי מקיים שיחות עם עמיתיו באזור לבלימת ההסלמה"",""ראש הממשלה מדבולי: מצרים נותנת עדיפות ליעילות אנרגטית ואבטחת אספקה"",""הבנק המרכזי: שער חליפין הדולר נותר יציב מול הלירה המצרית"",""עורכת אהראם אונליין דינה סמאכ נואמת בפסטיבל התרבות של AUC בכיכר תחריר"",""מצרים ממשיכה בתיאום עם שותפים בינלאומיים להפסקת אש בעזה""]",مصر ترسل القافلة رقم 112 من المساعدات الإنسانية إلى قطاع غزة,https://english.ahram.org.eg,Egypt discusses de-escalation scenarios in the region to contain military escalation,מצרים שולחת את שיירת הסיוע ההומניטרי ה-112 לרצועת עזה,مصر تبحث سيناريوهات التهدئة في المنطقة لاحتواء التصعيد العسكري,"[""وزير الخارجية المصري يجري محادثات مع نظرائه الإقليميين لاحتواء التصعيد"",""رئيس الوزراء مدبولي: مصر تمنح الأولوية لكفاءة الطاقة وأمن الإمدادات"",""البنك المركزي: سعر صرف الدولار يظل مستقراً أمام الجنيه المصري"",""محررة الأهرام أونلاين دينا سماك تتحدث في مهرجان التحرير الثقافي بالجامعة الأمريكية"",""مصر تواصل التنسيق مع الشركاء الدوليين لوقف إطلاق النار في غزة""]",ahram,Al-Ahram,"[""Egypt’s FM holds talks with regional counterparts to contain escalation"",""PM Madbouly: Egypt prioritizes energy efficiency and supply security"",""Central Bank: Dollar exchange rate remains stable against the Egyptian pound"",""Ahram Online Editor Dina Samak speaks at AUC Tahrir CultureFest 2026"",""Egypt continues to coordinate with international partners for Gaza ceasefire""]",2026-03-27T14:53:52.018Z,69c077aabfcf5e2da744f37c,2026-03-22T23:13:46.819000,2026-03-27T14:53:52.552000,69c06dc99c3317f6270e2f98,ronen.mashiach@gmail.com,false
SA,"ישראל תוקפת את טהראן בגל תקיפות ומזהירה: התקיפות נגד איראן ""יסלימו ויתרחבו""",Leading Harvard Trade Economist Says Saudi Arabia Holds Key to Success in Fragmented Global Economy,,"[""מקורות: ספרד ואלג'יריה בשיחות להגדלת אספקת הגاز בצינורות בשיעור של עד 10%"",""ערב הסעודית עוקפת את שיבושי 'הורמוז' באמצעות רשת בין-יבשתית"",""אל-בודאיווי: הסדרים אזוריים המוציאים את מדינות המפרץ נדחים"",""טראמפ דוחה את המועד האחרון לתקיפת אתרי אנרגיה איראניים"",""דיווח: הקיצונים באיראן מגבירים את הקריאות לפצצה גרעינית""]",خبير اقتصادي بارز في التجارة من جامعة هارفارد: السعودية تمتلك مفتاح النجاح في اقتصاد عالمي مجزأ,https://www.aawsat.com,Israel Hits Tehran with Wave of Strikes and Warns Attacks on Iran 'Will Escalate and Expand',כלכלן סחר בכיר מהרווארד אומר כי ערב הסעודית מחזיקה במפתח להצלחה בכלכלה גלובלית מקוטעת,إسرائيل تشن موجة ضربات على طهران وتحذر من أن الهجمات ستتصاعد وتتوسع,"[""مصادر: إسبانيا والجزائر في محادثات لزيادة إمدادات الغاز عبر الأنابيب بنسبة تصل إلى 10%"",""السعودية تتجاوز اضطرابات 'هرمز' بشبكة عابرة للقارات"",""البديوي: الترتيبات الإقليمية التي تستثني دول الخليج مرفوضة"",""ترمب ينقل الموعد النهائي لضرب مواقع الطاقة الإيرانية"",""تقرير: المتشددون في إيران يصعدون المطالبات بقنبلة نووية""]",aawsat,Asharq Al-Awsat,"[""Sources: Spain, Algeria in Talks to Increase Pipeline Gas Supply by Up to 10%"",""Saudi Arabia Bypasses 'Hormuz' Disruption with Transcontinental Network"",""Albudaiwi: Regional Arrangements Excluding Gulf States Are Rejected"",""Trump Moves Deadline for Striking Iran Energy Sites"",""Report: Iran Hardliners Ramp up Calls for a Nuclear Bomb""]",2026-03-27T14:54:29.633Z,69c077a9025edae633ed1268,2026-03-22T23:13:45.983000,2026-03-27T14:54:30.225000,69c06dc99c3317f6270e2f98,ronen.mashiach@gmail.com,false
IR,משמרות המהפכה: מצר הורמוז נסגר; כל מעבר של כלי שיט עוינים ייתקל בתגובה נחרצת,Missile Attacks Target Khuzestan and Mobarakeh Steel Complexes,,"[""חיל הים של משמרות המהפכה החזיר 3 ספינות מכולות במצר הורמוז"",""טראמפ האריך את המועד האחרון לתקיפת מתקני אנרגיה באיראן ל-6 באפריל"",""עראקצ'י: תקיפת בתי הספר על ידי האויב מעידה על כוונת רצח עם"",""גרמניה מוכנה לארח משא ומתן ישיר בין איראן לארה\""ב בפקיסטן"",""שגריר איראן באו\""ם מאשר כי מוג'תבא ח'אמנאי בריא ופעיל""]",هجمات صاروخية تستهدف مجمعي خوزستان ومباركة للصلب,https://www.irna.ir,IRGC: Strait of Hormuz Closed; Any Transit of Hostile Vessels Will Face Decisive Action,מתקפות טילים נגד מפעלי הפלדה בח'וזסטן ובמובארקה,الحرس الثوري: إغلاق مضيق هرمز؛ أي عبور للسفن المعادية سيواجه رداً حاسماً,"[""البحرية التابعة للحرس الثوري تعيد 3 سفن حاويات في مضيق هرمز"",""ترامب يمدد الموعد النهائي لضرب منشآت الطاقة الإيرانية حتى 6 أبريل"",""عراقجي: استهداف العدو للمدارس يشير إلى نية الإبادة الجماعية"",""ألمانيا مستعدة لاستضافة مفاوضات مباشرة بين إيران والولايات المتحدة في باكستان"",""سفير إيران لدى الأمم المتحدة يؤكد أن مجتبى خامنئي بخير ويمارس نشاطه""]",irna,IRNA,"[""IRGC Navy turns back 3 container ships in the Strait of Hormuz"",""Trump extends deadline for strikes on Iran energy plants to April 6"",""Araghchi: Enemy targeting of schools indicates intent of genocide"",""Germany ready to host direct Iran-US negotiations in Pakistan"",""Iran’s UN envoy confirms Mojtaba Khamenei is safe and active""]",2026-03-27T14:54:05.837Z,69c0779a5efd814964316155,2026-03-22T23:13:30.674000,2026-03-27T14:54:06.376000,69c06dc99c3317f6270e2f98,ronen.mashiach@gmail.com,false
IL,"בישראל לא אוהבים אבל זורמים עם ""גדול ידידינו"": הגיבוי של טראמפ ללבנון - ובידול הזירות","Trump separates Beirut from Tehran: once again the president announced a ceasefire, in the shadow of the tensions in the area and the continuous shooting. In Lebanon they are already dreaming of ""making the country great again"", and in Jerusalem they are forced to line up with the White House",https://ynet-pic1.yit.co.il/cdn-cgi/image/format=auto/picserver6/crop_images/2026/04/24/B1OW11IdTZg/B1OW11IdTZg_0_0_1280_811_0_x-large.jpg,"[""חשד: שני בני 14 ו-15 הותקפו בידי כ-20 נערים בתל אביב"",""מקרון: לכולם יש עניין לראות את היציבות חוזרת במהירות למזרח התיכון"",""בתגובה לשיגורים לשתולה: צה\""ל תקף מטרות חיזבאללה בדרום לבנון"",""נקבע מותו של הצעיר שנדקר בבאר שבע"",""האיחוד האירופי: \""אם תוכניות הטילים והפרוקסי לא יטופלו - היא תהיה מסוכנת יותר\"""",""רוסיה: סיכלנו מזימה לחסל בכירים בשירות הפיקוח על התקשורת"",""דיווח: בארה\""ב בוחנים אפשרויות להעניש מדינות בנאט\""ו שסירבו לסייע במלחמה נגד איראן"",""צעיר נדקר בבאר שבע, מצבו קשה"",""החל מ-15:00: כבישים ייחסמו בצפון לקראת חג נבי שועייב"",""התחזית לסופ\""ש: מזג אוויר רגיל לעונה - לקראת התחממות בשבת"",""שגריר ישראל בארה\""ב: \""על לבנון להכיר בנוכחות הזמנית של צה\""ל בשטחה\"""",""חקירה בארה\""ב נגד מחלקת החינוך בניו יורק: \""עודדו תמיכה בחמאס בקרב ילדים\"""",""טראמפ: אטיל \""מכס גדול\"" על בריטניה אם תמשיך להטיל מיסים על אפל, גוגל ומטא"",""שני גברים נהרגו בתאונת דרכים בכביש 60, סמוך לצומת רחלים שבשומרון"",""גבר נרצח ביריות בעוספיא"",""צה\""ל: הותקף המשגר שממנו נורו רקטות לשתולה - ומשגר נוסף מוכן לשיגור"",""טראמפ הודיע: הפסקת האש בלבנון תוארך ב-3 שבועות"",""צה\""ל: השמדנו שני משגרים טעונים ומוכנים לשיגור בדרום לבנון"",""דיווח: החלו השיחות בין שגרירי ישראל ולבנון בבית הלבן"",""אחרי ירי חיזבאללה: צה\""ל תקף בדרום לבנון"",""חיזבאללה על הירי לשתולה: \""בתגובה להפרות מצד ישראל\"""",""האזעקה בשתולה: יורטו 4 רקטות שחצו מלבנון"",""טראמפ: \""יש לנו הרבה זמן; לא נשתמש בנשק גרעיני נגד איראן, רוצה הסכם מצוין\"""",""צה\""ל על האזעקה בשתולה: \""הפרטים בבדיקה\"""",""טראמפ: \""אין דבר גרוע יותר מנשק גרעיני שיהרוס את המזרח התיכון, כולל ישראל\"""",""אזעקה בשתולה שבגליל המערבי"",""ארה\""ב: לפחות 10 נפגעים מירי בקניון בבאטון רוז' שבלואיזיאנה"",""טראמפ: לאיראן יש הנהגה חדשה, הם רבים כמו חתולים וכלבים"",""דיווח: איראן הניחה מוקשים נוספים במצר הורמוז, טראמפ תודרך בנושא"",""החשד לשחיתות בהסתדרות: תמה חקירתו השנייה של השר מיקי זוהר שהחלה בבוקר""]","ترامب يفصل بيروت عن طهران: أعلن الرئيس مجدداً وقف إطلاق النار، في ظل التوتر في المنطقة وإطلاق النار المستمر. في لبنان، يحلمون بالفعل بـ ""جعل البلد عظيماً مرة أخرى""، وفي القدس يضطرون إلى الاصطفاف مع البيت الأبيض.",https://www.ynet.co.il,"In Israel they don't like, but they flow with ""Greater of our friends"": Trump's backing for Lebanon - and the differentiation of the arenas","טראמפ מפריד בין ביירות לטהרן: שוב הכריז הנשיא על הפסקת אש, בצל המתיחות בשטח והירי המתמשך. בלבנון כבר חולמים ""להפוך את המדינה לגדולה שוב"", ובירושלים נאלצים ליישר קו עם הבית הלבן","في إسرائيل لا يحبون، لكنهم يتدفقون مع ""أكبر أصدقائنا"": دعم ترامب للبنان - وتمايز الساحات","[""الاشتباه: تعرض طفلان يبلغان من العمر 14 و 15 عامًا لهجوم من قبل حوالي 20 فتى في تل أبيب"",""ماكرون: الجميع لديه مصلحة في عودة الاستقرار بسرعة إلى الشرق الأوسط"",""رداً على إطلاق صواريخ شاتولا: هاجم الجيش الإسرائيلي أهدافاً لحزب الله في جنوب لبنان"",""تحديد وفاة الشاب الذي تعرض للطعن في بئر السبع"",""الاتحاد الأوروبي: \""إذا لم تتم معالجة البرامج الصاروخية والوكالة- فسيكون الأمر أكثر خطورة\"""",""روسيا: أحبطنا مخططاً لتصفية مسؤولين كبار في جهاز الرصد الإعلامي"",""تقرير: الولايات المتحدة تستكشف خيارات لمعاقبة دول الناتو التي رفضت المساعدة في الحرب ضد إيران"",""طعن شاب في بئر السبع وحالته خطيرة"",""ابتداءً من الساعة 15.00: قطع الطرق في الشمال استعداداً لإجازة النبي شعيب"",""توقعات نهاية الأسبوع: طقس عادي لهذا الموسم - نحو ارتفاع درجات الحرارة يوم السبت"",""سفير إسرائيل لدى الولايات المتحدة: \""على لبنان أن يعترف بالوجود المؤقت للجيش الإسرائيلي على أراضيه\"""",""التحقيق الأمريكي ضد وزارة التعليم في نيويورك: \""تشجيع دعم حماس بين الأطفال\"""",""ترامب: سأفرض \""تعريفة كبيرة\"" على المملكة المتحدة إذا استمرت في فرض الضرائب على أبل وجوجل وميتا"",""قُتل رجلان في حادث سير على شارع رقم 60 قرب مفرق رحليم في السامرة"",""مقتل رجل بالرصاص في عوسافيا"",""الجيش الإسرائيلي: منصة الإطلاق التي أطلقت منها الصواريخ على شاتولا تعرضت للهجوم - ومنصة إطلاق أخرى جاهزة للإطلاق"",""وأعلن ترامب: سيتم تمديد وقف إطلاق النار في لبنان 3 أسابيع"",""الجيش الإسرائيلي: دمرنا منصتي إطلاق محملتين وجاهزتين للإطلاق في جنوب لبنان"",""تقرير: بدء المحادثات بين السفيرين الإسرائيلي واللبناني في البيت الأبيض"",""بعد إطلاق حزب الله النار: هاجم جيش الدفاع الإسرائيلي جنوب لبنان"",""حزب الله عن إطلاق النار على شتولا: \""رد على الخروقات الإسرائيلية\"""",""تم دق ناقوس الخطر: تم اعتراض 4 صواريخ قادمة من لبنان"",""ترامب: لدينا الكثير من الوقت، لن نستخدم الأسلحة النووية ضد إيران، نريد اتفاقا ممتازا"",""الجيش الإسرائيلي يدق ناقوس الخطر في شاتولا: \""التفاصيل قيد المراجعة\"""",""ترامب: لا يوجد شيء أسوأ من الأسلحة النووية التي ستدمر الشرق الأوسط بما في ذلك إسرائيل"",""إنذار في شاتولا في الجليل الغربي"",""الولايات المتحدة الأمريكية: أصيب ما لا يقل عن 10 أشخاص في إطلاق نار في مركز تجاري في باتون روج بولاية لويزيانا"",""ترامب: إيران لديها قيادة جديدة، وهم يقاتلون مثل القطط والكلاب"",""تقرير: إيران زرعت المزيد من الألغام في مضيق هرمز وسيتم إطلاع ترامب على الأمر"",""شبهة فساد في الهستدروت: التحقيق الثاني مع الوزير ميكي زوهار الذي بدأ صباحا انتهى""]",ynet,Ynet,"[""Suspicion: two 14 and 15 year olds were attacked by about 20 boys in Tel Aviv"",""Macron: Everyone has an interest in seeing stability quickly return to the Middle East"",""In response to the Shatula launches: the IDF attacked Hezbollah targets in southern Lebanon"",""The death of the young man who was stabbed in Beer Sheva was determined"",""The European Union: \""If the missile and proxy programs are not addressed - it will be more dangerous\"""",""Russia: We thwarted a plot to eliminate senior officials in the media monitoring service"",""Report: The US is exploring options to punish NATO countries that refused to help in the war against Iran"",""A young man was stabbed in Be'er Sheva, his condition is serious"",""Starting at 15:00: Roads will be blocked in the north in preparation for the holiday of Nabi Shuaib"",""The forecast for the weekend: normal weather for the season - towards warming up on Saturday"",""Israel's ambassador to the US: \""Lebanon must recognize the temporary presence of the IDF in its territory\"""",""US investigation against the New York Department of Education: \""encouraging support for Hamas among children\"""",""Trump: I will impose a \""big tariff\"" on the UK if it continues to impose taxes on Apple, Google and Meta"",""Two men were killed in a car accident on Route 60, near the Rahlim intersection in Samaria"",""A man was shot dead in Usafia"",""IDF: The launcher from which rockets were fired at Shatula was attacked - and another launcher is ready to be launched"",""Trump announced: the ceasefire in Lebanon will be extended by 3 weeks"",""IDF: We destroyed two launchers loaded and ready for launch in southern Lebanon"",""Report: Talks have begun between the Israeli and Lebanese ambassadors at the White House"",""After Hezbollah's shooting: the IDF attacked in southern Lebanon"",""Hezbollah on the shooting of Shtula: \""in response to violations on the part of Israel\"""",""The alarm was planted: 4 rockets crossing from Lebanon were intercepted"",""Trump: \""We have a lot of time; we will not use nuclear weapons against Iran, want an excellent agreement\"""",""The IDF on the alarm in Shatula: \""The details are under review\"""",""Trump: \""There is nothing worse than nuclear weapons that will destroy the Middle East, including Israel\"""",""Alarm in Shatula in the Western Galilee"",""USA: At least 10 people were injured in a shooting at a mall in Baton Rouge, Louisiana"",""Trump: Iran has a new leadership, they fight like cats and dogs"",""Report: Iran laid more mines in the Strait of Hormuz, Trump will be briefed on the matter"",""The suspicion of corruption in the Histadrut: the second investigation of Minister Miki Zohar, which began in the morning, has ended""]",2026-04-24T08:04:05.427Z,69c06efa6808acae1ce51825,2026-03-22T22:36:42.208000,2026-04-24T08:04:05.427Z,69c06dc99c3317f6270e2f98,ronen.mashiach@gmail.com,false
TR,"טורקיה מסיגה כוחות ממשימת נאט""ו בעיראק",Epstein survivors sue US govt over revealed identities,,"[""השר הטורקי לאיכות הסביבה מקיים שיחות COP31 עם מזכ\""ל האו\""ם"",""אוסטריה מודיעה כי תאסור שימוש ברשתות חברתיות לילדים מתחת לגיל 14"",""הסכם בין הפיליפינים לצרפת מעמיק את שיתוף הפעולה הצבאי"",""אוקראינה וערב הסעודית חתמו על עסקת הגנה אווירית: פקידים בכירים"",""טורקיה מדווחת על הקמת למעלה מ-9,400 חברות בפברואר""]",ناجون من جرائم إبشتاين يقاضون الحكومة الأمريكية بسبب الكشف عن هوياتهم,https://www.hurriyetdailynews.com,Türkiye withdraws troops from NATO's Iraq mission,"ניצולי אפשטיין תובעים את ממשלת ארה""ב בגין חשיפת זהויותיהם",تركيا تسحب قواتها من مهمة الناتو في العراق,"[""وزير البيئة التركي يجري محادثات COP31 مع الأمين العام للأمم المتحدة"",""النمسا تقول إنها ستحظر وسائل التواصل الاجتماعي للأطفال دون سن 14 عاماً"",""اتفاق بين الفلبين وفرنسا يعمق التعاون العسكري"",""أوكرانيا والسعودية توقعان صفقة دفاع جوي: مسؤولون كبار"",""تركيا تشهد تأسيس أكثر من 9400 شركة في فبراير""]",hurriyet,Hürriyet Daily News,"[""Turkish environment minister holds COP31 talks with UN chief"",""Austria says will ban social media for children under 14"",""Philippines, France pact deepens military cooperation"",""Ukraine, Saudi Arabia sign air defense deal: senior officials"",""Türkiye sees over 9,400 companies established in February""]",2026-03-27T14:52:40.849Z,69c06ef448f124f48d6d6d04,2026-03-22T22:36:36.586000,2026-03-27T14:52:41.481000,69c06dc99c3317f6270e2f98,ronen.mashiach@gmail.com,false
JO,"מגזר התיירות בירדן נפגע ממשבר ""חסר תקדים"" על רקע המתיחות האזורית","Jordan, Gulf countries renew condemnation of 'flagrant' Iranian aggressions",,"[""אזעקות נשמעו ברחבי ירדן עקב זיהוי שיגורי טילים מאיראן"",""ההגנה האזרחית טיפלה ב-6,279 אירועים במהלך עיד אל-פיטר"",""ירדן וקטאר דנות בדרכים לסיום ההסלמה המסוכנת והפעלת הדיאלוג"",""ירדן מגנה מזימת טרור נגד כלכלת איחוד האמירויות ויציבותה הפיננסית"",""גשמים עזים ושיטפונות צפויים ביום רביעי וחמישי""]","الأردن ودول الخليج يجددون إدانتهم للاعتداءات الإيرانية ""الصارخة""",https://jordantimes.com,Jordan tourism sector hit by 'unprecedented' crisis amid regional tensions,"ירדן ומדינות המפרץ מחדשות את הגינוי לתוקפנות האיראנית ""הבוטה""","قطاع السياحة في الأردن يواجه أزمة ""غير مسبوقة"" وسط التوترات الإقليمية","[""دوي صفارات الإنذار في الأردن إثر رصد إطلاق صواريخ من إيران"",""الدفاع المدني يستجيب لـ 6,279 حادثاً خلال عيد الفطر"",""الأردن وقطر يبحثان سبل إنهاء التصعيد الخطير وتفعيل الحوار"",""الأردن يدين مخططاً إرهابياً يستهدف اقتصاد الإمارات واستقرارها المالي"",""توقعات بأمطار غزيرة وفيضانات مفاجئة يومي الأربعاء والخميس""]",jordan_times,Jordan Times,"[""Sirens Sound Across Jordan Amid Detection of Missile Launches from Iran"",""Civil Defense Responds to 6,279 Incidents During Eid al-Fitr"",""Jordan and Qatar Discuss Ways to End Dangerous Escalation and Activate Dialogue"",""Jordan Condemns Terrorist Plot Targeting UAE Economy and Financial Stability"",""Heavy Rain and Flash Floods Expected Wednesday and Thursday""]",2026-03-27T14:51:56.962Z,69c06ef3f7e266ad045ed4db,2026-03-22T22:36:35.258000,2026-03-27T14:51:57.537000,69c06dc99c3317f6270e2f98,ronen.mashiach@gmail.com,false